id;name;caption;documentation
1;withdrawal;Concrete Diesel;mmm Factors CLI
2;Jazz female programming;Coupe afore copying;Diesel collateral Cambridgeshire
3;Account Nissan Checking;Northeast North;Quality
4;Response virtual Granite;South Bedfordshire;Carolina East violet
5;explicit;Cotton;Hat
6;East;Omnigender;Configuration
7;Identity;programming circa Creative;tie
8;Fantastic indigo World;Customer indeed frightfully;Mini
9;reinvent Electric reanimate;24/7;Rubber
10;Cheese;1080p;Northeast Borders
